0,1,2,3,4,5,6,7,8,9,10,11,12,13,14,15,16,17,18,19,20,21,22,23,24,25,26,27,28,29,30,31,32,33,34,35
DISEASE INDICATION ACCORDING CONSTALATION /NAKSHATRA -( Pada and degree),,,,,,,,,,,,,,,,,,,,,,,,,,,,,,,,,,,
ASHWINI,BHARANI,KRUTHIKA,,ROHINI,MRIGASHIRA,,ARIDRA,PUNARVASU,,PUSHYA,ASHLESHA,MAGHA,PURVAPHALGUNI,UTTARA PHALGUNI,,HASTHA,CHITHA,,SWATHI,VISHAKA,,ANURADHA,JYESTA,MOOLA,POORVASHADA,UTTARAASHADA,,SHRAVANA,DHANISHTA,,SHATHABHISHA,POORVABHADRAPADA,,UTTARA  BHADRAPADA,REVATHI
0 * -                                 13*. 20',13*. 20' - 26*.40',26*.40' -  30*                      ( 1st pada),"30* - 40*                               ( 2,3 4th pada)",40*  - 53*.20',"53*.20'  -  60*                           ( 1st,2nd pada)","60*   -    66*.40'                   ( 3rd,4th pada)",66*.40' - 80*,"80* - 90*         (1,2,&3rd pada",90*    - 93*.20'                   ( 4th pada),93*. 20'  - 106*.40', 106*.40'  - 120*,120* -   133*.20',133*.20' - 146*.40',146*.40' - 150*                 ( 1st pada)," 150* -  160* (2,3,4th padas)",160*  - 173*.20',173*.20'  - 180*   (1st & 2nd pada),"180*  - 186*.40'                    (3rd,4th pada)",186*.40'  - 200*,"200* - 210*                  ( 1,2,3rd pada)",210* - 213*.20'                                ( 4th pada),213*.20'  - 226*.40',226*.40' - 240*,240* - 253*.20',253*.20' - 266*.40',266*.40' - 270*                ( 1st pada)," 270*  - 280*   (2,3,4th padas)",280*   - 293*.20',293*.20' - 300*               ( 1st & 2nd pada)," 300* - 306*40'              ( 3rd,4th pada)", 306*40' - 320*,"320* - 330*  (1,2,3rd pada )",330* - 333*.20'                   ( 4th pada ),330*.20' - 346*.60',346*.40'  -  360*
Injury in the head,"Injury in the head mostly in the fore head,just around the eyes,",Sharp fever,Pimples,Sore throat,Pimples,Corrupted blood,Septic throat,Swelling and pain in the ear,Dropsy,Tuberculosis,Vitamin 'B' deficiency,Heart affected by sudden shock,Heart affected due to disappointment of love affairs,Pains in the back & head.,Tumours in the bowels,Vitamin 'B' deficiency,Ulcers,Problems in kidney & bladder,Leprosy,Deficiency of adrenal secretion,Diseases of womb,"Suppression of menses,poor bleeding & severe pain",Leucorrhoea,Locomotor ataxia,Diabetics,Paralysis of limbs,Skine diseases,Filaria,Leg injury,Fracture of legs,Rheumatism,Apoplexy,Swelling in body,Rheumatic pains,Abnominal disorders
Congestion in the brain,Cold,Malaria,Cuts,Cold & Cough,Injury in the face,Itches,Asthama,Goitre due to Iodine defficiency,Beri beri,Ulceratives in the respiratory system,Stomach pain,Grief of poison,Heart affects due to loss of children,Spotted fever,Stomach disorder,Gas formation,Acute pains in the body,Excess of urine and kidney problem,Puss formation,"Diabetics,insulin deficiency",Fibroid tumour,Piles,"piles,fistula",Rheumatism,Respiratory diseases,Pulmonary diseases,Leprosy,Eczema,Esonophilis,Blood poisoning,Rheumatic heart diaeases,Irregular heart beats,Perspiring feet,Indigestion,Intestainal Ulcers mostly due to alchohal & Drugs
Cerebral     anaemia,Veneral distemper,Filaria,Reddish eyes,Pain in the legs & feets,Pain in the throat,Wounds & Fracture of arms,Dry coughs,Pulmonary apoplexy,Stomach upset,Gastric ulcer,Pains in knee &legs,pain in the back,Swelling of ankle,Plague,Sorethroat,Loose bowel,Choleric humours,Sun stroke,skin problems,Congestion of brain,Prostate gland enlargement,Phelgm,Affliction of bowels,Hip diseases,Swelling above the knees,Affected eyes,Digestive disorders,Skin diseases,Dry cough,Heart failure,Leprosy,Dropsy,Enlarged Liver,constipation,Nephrities
Fainting,Syphilis affectingtube and vision,Plague,Eye sore,Irregular menses,Diphtheria,Collar bone fracture,Diphtheria,,Tuberculosis,Gallstones,Nervous prblems,Kidney stone,Blood pressure,Hyperaemia,Swellin in the neck,Pain & disorder in the bowels,Irritation & itching,Brain fever,Urinary infection,,Urinary trouble,Sore throat,Pains in  arms and shoulder,Pulmonary troubles,,,Gas in stomach,tuberculosis,hiccups,Cardiac thrombosis, High                            Blood pressure,Milk leg,Abdominala tumour,Hernia,Deafness
Epilepsy,Weakness,Small pox,Throat infections,Pain in the breasts,Weakness,pains in the shoulders,Ear infections,,Pneumonia,Cancer,Indigestion,Spinal Meningities, Heart Valves affected,Blood pressure,,Weakness of arms and shoulder,Wounds from insects,,Eczema,,Frequent micturisation,fracture of hip bone,,,,,Palpitation of heart,Poor digestion,Amputation, High                            Blood pressure,Fracture,Swollen ankles,Intestinal disorders,Cold foot,Pus in the ears
Violence,,Wounds,Tumours in the knees,,Veneral distemper,,Puss in the ear,,Liver complaint & problems,Cough & hiccups,,,Curvature of spine,Become Mad temporarily due to clotting of blood in the capillary of brain,,Breathing problems,,,,,Abnormal bleeding during menses,,,,,,Cardiac thrombosis,,,Over heated blood, worm             infestation,Dilated heart,Jaundice,Fracture in foot,
Spasms,,Brain fever,Neck problems,,Polipus,,Eosonophilia,,,Eczema,,,,Palpitation,,Worm infestations,,,,,,,,,,,,,,Palpitation,,Low blood pressure,,Tuberculosis,
Sever headache on any one side,,Accident includind fire accidents,Polips of nose,,,,,,,,,,,Back ache,,Typhoid,,,,,,,,,,,,,,,,,,Dropsy,
"Neuralgia,coma",,,,,,,,,,,,,,,,Bacillary dysentry,,,,,,,,,,,,,,,,,,,
Cerebral haemorrhages,,,,,,,,,,,,,,,,Hysteria,,,,,,,,,,,,,,,,,,,
Paralytic stroke,,,,,,,,,,,,,,,,,,,,,,,,,,,,,,,,,,,
Smallpox,,,,,,,,,,,,,,,,,,,,,,,,,,,,,,,,,,,
